"Hugo_Symbol"	"Chromosome"	"Start_Position"	"End_Position"	"Tumor_Sample_Barcode"	"t_vaf"	"cluster"	"MATH"	"MedianAbsoluteDeviation"
"SPEN"	"1"	15932414	15932420	"TCGA-A1-A0SJ-01A-11D-A099-09"	0.369230769230769	"1"	45.1307169811316	8.9530151683314
"COL24A1"	"1"	85783542	85783542	"TCGA-A1-A0SJ-01A-11D-A099-09"	0.0725806451612903	"1"	45.1307169811316	8.9530151683314
"CHML"	"1"	241635526	241635526	"TCGA-A1-A0SJ-01A-11D-A099-09"	0.383838383838384	"1"	45.1307169811316	8.9530151683314
"HNRNPDL"	"4"	82429344	82429344	"TCGA-A1-A0SJ-01A-11D-A099-09"	0.352941176470588	"1"	45.1307169811316	8.9530151683314
"FAF2"	"5"	176448462	176448462	"TCGA-A1-A0SJ-01A-11D-A099-09"	0.315068493150685	"1"	45.1307169811316	8.9530151683314
"CNR1"	"6"	88144799	88144799	"TCGA-A1-A0SJ-01A-11D-A099-09"	0.222222222222222	"1"	45.1307169811316	8.9530151683314
"IKZF1"	"7"	50400416	50400416	"TCGA-A1-A0SJ-01A-11D-A099-09"	0.230769230769231	"1"	45.1307169811316	8.9530151683314
"LRRD1"	"7"	92163345	92163345	"TCGA-A1-A0SJ-01A-11D-A099-09"	0.166666666666667	"1"	45.1307169811316	8.9530151683314
"RANBP6"	"9"	6012961	6012961	"TCGA-A1-A0SJ-01A-11D-A099-09"	0.583333333333333	"1"	45.1307169811316	8.9530151683314
"ASCL3"	"11"	8937986	8937986	"TCGA-A1-A0SJ-01A-11D-A099-09"	0.214285714285714	"1"	45.1307169811316	8.9530151683314
"IPO8"	"12"	30669257	30669258	"TCGA-A1-A0SJ-01A-11D-A099-09"	0.6	"1"	45.1307169811316	8.9530151683314
"GNPTAB"	"12"	101768069	101768069	"TCGA-A1-A0SJ-01A-11D-A099-09"	0.32183908045977	"1"	45.1307169811316	8.9530151683314
"GJB2"	"13"	20189144	20189144	"TCGA-A1-A0SJ-01A-11D-A099-09"	0.224489795918367	"1"	45.1307169811316	8.9530151683314
"UBAP1L"	"15"	65093215	65093215	"TCGA-A1-A0SJ-01A-11D-A099-09"	0.310344827586207	"1"	45.1307169811316	8.9530151683314
"CILP"	"15"	65197263	65197263	"TCGA-A1-A0SJ-01A-11D-A099-09"	0.235294117647059	"1"	45.1307169811316	8.9530151683314
"MSLN"	"16"	764721	764721	"TCGA-A1-A0SJ-01A-11D-A099-09"	0.142857142857143	"1"	45.1307169811316	8.9530151683314
"PSMD11"	"17"	32444542	32444542	"TCGA-A1-A0SJ-01A-11D-A099-09"	0.4	"1"	45.1307169811316	8.9530151683314
"AMZ2"	"17"	68250407	68250407	"TCGA-A1-A0SJ-01A-11D-A099-09"	0.478260869565217	"1"	45.1307169811316	8.9530151683314
"NUP62"	"19"	49909528	49909528	"TCGA-A1-A0SJ-01A-11D-A099-09"	0.383647798742138	"1"	45.1307169811316	8.9530151683314
"ZNF543"	"19"	57328603	57328603	"TCGA-A1-A0SJ-01A-11D-A099-09"	0.129310344827586	"1"	45.1307169811316	8.9530151683314
"SNAI1"	"20"	49987989	49987989	"TCGA-A1-A0SJ-01A-11D-A099-09"	0.294117647058824	"1"	45.1307169811316	8.9530151683314
"COL20A1"	"20"	63308629	63308629	"TCGA-A1-A0SJ-01A-11D-A099-09"	0.13986013986014	"1"	45.1307169811316	8.9530151683314
"KCNQ2"	"20"	63406963	63406963	"TCGA-A1-A0SJ-01A-11D-A099-09"	0.192307692307692	"1"	45.1307169811316	8.9530151683314
"OFD1"	"X"	13758442	13758442	"TCGA-A1-A0SJ-01A-11D-A099-09"	0.256944444444444	"1"	45.1307169811316	8.9530151683314
"NOTUM"	"17"	81957073	81957073	"TCGA-A1-A0SJ-01A-11D-A099-09"	0.714285714285714	"outlier"	45.1307169811316	8.9530151683314
