"Tumor_Sample_Barcode"	"A>G"	"T>C"	"C>T"	"G>A"	"A>T"	"T>A"	"A>C"	"T>G"	"C>A"	"G>T"	"C>G"	"G>C"	"n_A"	"n_T"	"n_G"	"n_C"	"n_mutations"	"n_C>G_and_C>T"	"tCw_to_A"	"tCw_to_T"	"tCw_to_G"	"tCw"	"wGa_to_C"	"wGa_to_T"	"wGa_to_A"	"wGa"	"tCw_to_G+tCw_to_T"	"n_bg_A"	"n_bg_T"	"n_bg_G"	"n_bg_C"	"n_bg_tcw"	"n_bg_wga"	"n_bg_bases"	"APOBEC_Enrichment"	"non_APOBEC_mutations"	"fraction_APOBEC_mutations"	"fisher_pvalue"	"or"	"ci.up"	"ci.low"	"APOBEC_Enriched"	"fdr"
"TCGA-5L-AAT1-01A-12D-A41F-09"	6	3	528	529	2	5	1	1	88	83	344	311	9	9	923	960	1901	1712	58	340	273	671	248	51	326	625	1187	17332	17670	17804	17386	2975	2980	70192	4.09717448621672	714	0.624	1.4569204301232e-19	1.60022258629136	1.46372269290244	Inf	"yes"	3.64230107530801e-18
"TCGA-3C-AALI-01A-11D-A41F-09"	8	8	170	181	10	10	3	2	39	41	152	147	21	20	369	361	771	650	17	95	118	230	116	22	110	248	439	6688	6412	6693	6857	1072	1160	26650	4.10011717673008	332	0.569	4.07024622381343e-07	1.51793845155422	1.31496583223407	Inf	"yes"	5.08780777976679e-06
"TCGA-A1-A0SI-01A-11D-A142-09"	4	3	48	63	0	1	0	2	11	12	53	55	4	6	130	112	252	219	5	31	46	82	43	6	39	88	159	2264	2292	2248	2175	415	411	8979	3.88767454973631	93	0.631	5.61034179291018e-05	1.80054852050705	1.38448645400278	Inf	"yes"	0.000467528482742515
"TCGA-5L-AAT0-01A-12D-A41F-09"	2	3	70	83	3	2	2	1	7	9	31	34	7	6	126	108	247	218	3	40	23	66	25	2	44	71	132	2314	2201	2286	2137	348	373	8938	3.71448930511904	115	0.534	0.264123756305668	1.10499992915081	0.867218080770265	Inf	"yes"	1
"TCGA-A1-A0SF-01A-11D-A142-09"	1	1	25	18	0	0	0	1	3	2	2	1	1	2	21	30	54	46	1	16	2	19	1	1	8	10	27	456	495	445	490	83	76	1886	3.45159967186218	27	0.5	0.551822870505529	1.00936011005128	0.585519521335114	Inf	"yes"	1
"TCGA-A1-A0SH-01A-11D-A099-09"	1	5	26	29	2	1	1	1	7	10	17	25	4	7	64	50	125	97	2	14	9	25	16	5	16	37	55	1012	896	1079	990	140	171	3977	3.77216826333411	70	0.44	0.571846754110673	0.985043831729274	0.68372187418976	Inf	"yes"	1
"TCGA-A1-A0SE-01A-11D-A099-09"	3	4	8	10	2	1	0	0	3	3	0	0	5	5	13	11	34	18	1	2	0	3	0	1	2	3	4	173	178	210	177	26	17	738	2	30	0.118	0.999364868551389	0.213359596616524	0.0634911886204991	Inf	"no"	1
"TCGA-A1-A0SN-01A-11D-A142-09"	3	6	24	8	5	4	0	2	5	4	9	12	8	12	24	38	82	53	3	4	5	12	7	0	2	9	18	538	545	510	580	87	82	2173	2.1904655576644	64	0.22	0.999781054298988	0.380425996751308	0.221414216288993	Inf	"yes"	1
"TCGA-A1-A0SG-01A-11D-A142-09"	2	1	5	9	2	0	1	1	1	0	0	4	5	2	13	6	26	18	0	0	0	0	1	0	2	3	3	163	150	211	214	22	23	738	1.57407407407407	23	0.115	0.999825949696263	0.163311600241727	0.0397485529282273	Inf	"no"	1
"TCGA-A1-A0SJ-01A-11D-A099-09"	1	1	9	9	1	0	0	1	4	1	1	3	2	2	13	14	31	22	1	2	0	3	0	0	2	2	4	195	169	275	263	18	31	902	1.99628942486085	27	0.129	0.999831445513762	0.19428879869714	0.0596246127039377	Inf	"no"	1
"TCGA-3C-AAAU-01A-11D-A41F-09"	3	5	8	15	1	1	0	0	2	6	4	1	4	6	22	14	46	28	1	0	0	1	1	2	5	8	6	245	246	324	333	33	39	1148	1.95535714285714	40	0.13	0.999916229754047	0.223989216436979	0.0878650564459463	Inf	"no"	1
"TCGA-A1-A0SQ-01A-21D-A142-09"	1	2	3	21	1	0	0	0	1	1	2	2	2	2	24	6	34	28	0	1	0	1	2	0	3	5	6	228	253	330	337	55	37	1148	1.55357142857143	28	0.176	0.999978968345053	0.196624204151137	0.0771242722329366	Inf	"no"	1
"TCGA-A2-A04Q-01A-21W-A050-09"	3	3	14	12	3	1	2	4	6	9	3	6	8	8	27	23	66	35	2	2	1	5	2	1	2	5	7	340	298	383	414	47	51	1435	1.6265306122449	59	0.106	0.999995249394715	0.199354120501562	0.0855814079732399	Inf	"no"	1
"TCGA-A2-A04N-01A-11D-A10Y-09"	7	0	12	13	0	3	3	1	4	4	2	0	10	4	17	18	49	27	0	2	1	3	0	1	1	2	4	300	256	246	305	38	45	1107	0.983489513609995	45	0.082	0.999997874231806	0.135758016898631	0.0425438112586123	Inf	"no"	1
"TCGA-A1-A0SD-01A-11D-A10Y-09"	2	4	9	12	2	2	0	1	3	0	0	4	4	7	16	12	39	25	1	1	0	2	1	0	1	2	3	213	217	323	272	33	25	1025	1.23103448275862	36	0.077	0.999999035192217	0.107205232322122	0.0269689132958135	Inf	"no"	1
"TCGA-A2-A04R-01A-41D-A117-09"	2	4	16	12	4	9	3	2	13	16	9	8	9	15	36	38	98	45	3	2	3	8	3	2	2	7	10	435	419	488	503	66	65	1845	1.68108566581849	88	0.102	0.999999043138103	0.219728432764518	0.109602178527508	Inf	"no"	1
"TCGA-3C-AALJ-01A-31D-A41F-09"	6	0	13	12	4	0	2	1	4	5	4	3	12	1	20	21	54	32	1	1	3	5	1	0	0	1	5	310	271	373	358	40	38	1312	1.46434294871795	49	0.093	0.999999175239773	0.148306396431832	0.0538833764354364	Inf	"no"	1
"TCGA-3C-AALK-01A-11D-A41F-09"	1	6	19	18	2	1	0	0	4	6	3	5	3	7	29	26	65	45	1	2	1	4	2	4	4	10	9	415	425	527	478	67	70	1845	1.46715328467153	56	0.138	0.999999860535449	0.188821229131403	0.0910008194946231	Inf	"no"	1
"TCGA-5T-A9QA-01A-11D-A41F-09"	1	3	17	12	1	2	0	0	2	20	1	1	2	5	33	20	60	31	0	0	0	0	0	2	3	5	3	269	295	337	370	46	44	1271	0.760215053763441	57	0.05	0.999999989168806	0.0836595371090147	0.0214065316663077	Inf	"no"	1
"TCGA-A1-A0SP-01A-11D-A099-09"	5	1	20	13	1	1	2	0	4	5	3	4	8	2	22	27	59	40	0	1	0	1	1	0	1	2	3	357	360	476	447	53	48	1640	0.68539603960396	56	0.051	0.999999999982376	0.0640436065553501	0.0166451621572266	Inf	"no"	1
"TCGA-A2-A04P-01A-31D-A128-09"	11	12	13	25	9	7	7	6	15	14	24	17	27	25	56	52	160	79	1	2	6	9	6	1	2	9	16	770	789	866	814	127	132	3239	1.31371878207321	144	0.1	0.999999999994657	0.185585765081346	0.109629906953377	Inf	"no"	1
"TCGA-A1-A0SK-01A-12D-A099-09"	4	4	18	13	5	2	4	1	9	7	4	12	13	7	32	31	83	47	1	1	0	2	2	1	1	4	4	473	399	592	463	62	85	1927	0.610797510493559	79	0.048	0.999999999999052	0.0712012361131246	0.0231465454190327	Inf	"no"	1
"TCGA-4H-AAAK-01A-12D-A41F-09"	1	3	10	7	0	2	0	0	1	8	1	0	1	5	15	12	33	18	0	0	0	0	0	0	0	0	0	138	141	232	227	18	13	738	0	33	0	1	0	0	Inf	"no"	1
"TCGA-A1-A0SM-01A-11D-A099-09"	2	4	7	7	2	2	1	1	2	3	0	2	5	7	12	9	33	16	1	0	0	1	0	1	0	1	0	161	143	160	192	18	20	656	0	33	0	1	0	0	Inf	"no"	1
"TCGA-A1-A0SO-01A-22D-A099-09"	13	12	62	40	17	26	9	6	66	44	25	31	39	44	115	153	351	158	9	12	4	25	8	8	6	22	30	1436	1538	1758	1746	242	246	6478	1.36335339282009	321	0.085	1	0.177379686844577	0.122704811243421	Inf	"no"	1
