"trinucleotide"	"Signature_1"	"Signature_2"	"Signature_3"	"Signature_4"	"Signature_5"
"A[C>A]A"	0.000975518313304082	3.35483719152936e-09	0.00566351405392903	0.0201614294733171	0.00316688663427513
"A[C>A]C"	0.000525057777882846	1.4635280473579e-20	1.61764170119425e-20	0.0289614138354636	0.0216209257066507
"A[C>A]G"	0.000832908234734246	1.4635280473579e-20	1.61764170119425e-20	0.00883622631290429	0.004906131367532
"A[C>A]T"	6.35645561845973e-21	1.4635280473579e-20	5.27268822321918e-13	0.025298686104026	0.00312452635579749
"C[C>A]A"	0.00191342200332456	1.4635280473579e-20	0.00696645928825545	0.021291481308414	0.00683786879320562
"C[C>A]C"	0.000586342799704512	1.4635280473579e-20	0.00154835430394709	0.0348315201419034	0.00688010340892827
"C[C>A]G"	6.35645561845973e-21	0.00562128705457147	1.61764170119425e-20	0.00200949414526521	0.0114911693148909
"C[C>A]T"	0.00147560529457877	0.0102220379468936	1.61764170119425e-20	0.0312252096194586	0.0089295941466261
"G[C>A]A"	6.35645561845973e-21	0.00837304654804596	0.000482780793141757	0.0176584693750179	0.0161964143161676
"G[C>A]C"	0.000622940350083253	0.00338295218112382	1.61764170119425e-20	0.0303046708950449	0.00721230844933035
"G[C>A]G"	6.35645561845973e-21	1.4635280473579e-20	1.61764170119425e-20	0.000989620467915223	0.008777617312794
"G[C>A]T"	6.35645561845973e-21	1.4635280473579e-20	1.61764170119425e-20	0.0426715089418343	0.00683854239306268
"T[C>A]A"	0.0378957700367481	0.0169660319384681	0.0286812587431053	0.0111760627822979	0.0227801966270407
"T[C>A]C"	0.0207936945250925	0.00727040965523761	0.0185927689920723	0.0162117363189526	0.0205557758503277
"T[C>A]G"	0.00292870714308052	0.025614413117876	0.00209317776425527	0.00420081541005749	0.00280494485357278
"T[C>A]T"	0.02478078230716	1.4635280473579e-20	1.61764170119425e-20	0.0246910147430595	0.0122004244731674
"A[C>G]A"	0.00240844997547258	1.4635280473579e-20	1.61764170119425e-20	0.0267467222139802	1.25162176240782e-20
"A[C>G]C"	0.00168999338188968	1.4635280473579e-20	1.61764170119425e-20	0.0085920385277213	0.00500293550187016
"A[C>G]G"	6.35645561845973e-21	1.4635280473579e-20	1.61764170119425e-20	0.0133132685918081	1.25162176240782e-20
"A[C>G]T"	0.00269784974051624	1.4635280473579e-20	1.61764170119425e-20	0.0139387346663158	0.0163783390060317
"C[C>G]A"	0.00242383877950136	4.9983114053366e-10	0.00347824582853163	0.00547803796506431	0.00735524817881395
"C[C>G]C"	0.00140584447166937	1.4635280473579e-20	1.61764170119425e-20	0.018772906946416	0.0145788726908286
"C[C>G]G"	0.00148412033368841	1.4635280473579e-20	0.00994013095432074	1.33847685770567e-20	1.25162176240782e-20
"C[C>G]T"	0.00426921252840332	1.4635280473579e-20	0.0114172621223007	0.0202480959304886	0.00769280483092967
"G[C>G]A"	0.00125747837874844	0.00386581106407616	0.00156541582584265	0.00386955848845337	0.00266713859704371
"G[C>G]C"	6.35645561845973e-21	1.4635280473579e-20	1.61764170119425e-20	0.00787439743187602	0.00934693848534339
"G[C>G]G"	0.000550949162332625	1.4635280473579e-20	0.00219151777561266	0.00808545611869087	1.25162176240782e-20
"G[C>G]T"	0.0022716404030272	1.4635280473579e-20	1.61764170119425e-20	0.0091157131731035	0.0102991314525639
"T[C>G]A"	0.136393481570966	1.23345230110772e-19	0.140020279991309	0.0168820035597137	1.25162176240782e-20
"T[C>G]C"	0.0454245738955663	3.88364623404832e-17	0.0630418531023699	0.0124570456852804	1.25162176240782e-20
"T[C>G]G"	0.012684431321638	0.00796838918390193	0.0039542083133866	0.00876388057311169	1.25162176240782e-20
"T[C>G]T"	0.181890601161661	5.4907043447705e-17	0.192559214857282	0.0122944616993588	1.25162176240782e-20
"A[C>T]A"	0.00218359225676512	0.0139291552616429	0.00236254516819292	0.0265918742848048	0.0161154267646096
"A[C>T]C"	6.35645561845973e-21	0.0121119579314492	0.00383711473064044	0.0177690891661326	0.0134763298688039
"A[C>T]G"	0.00630027226737765	0.00294320724001791	0.00896939451553344	0.0376221857182944	0.0689231393994479
"A[C>T]T"	6.35645561845973e-21	0.00855419010563876	1.61764170119425e-20	0.0151037826222405	0.0110941550857233
"C[C>T]A"	0.00904395663129587	0.00147097408077266	0.0157560359729895	0.0240518362587124	0.0170146617050829
"C[C>T]C"	0.00228805769604051	0.0151950083833865	1.61764170119425e-20	0.0090949248933192	0.0263966294227559
"C[C>T]G"	0.0120951557582522	0.0034062156505629	0.00919403568240603	0.0114012010501792	0.0905661556771195
"C[C>T]T"	0.00248855738603095	0.00756728222407464	0.00895333956615403	0.0224644814341542	0.0169466836522765
"G[C>T]A"	0.00589239976939685	0.0117439808247159	0.00509274445749826	0.0144890909370783	0.0155096654122259
"G[C>T]C"	0.0015626067534627	0.0269724634618105	1.61764170119425e-20	0.00882992708357157	0.0237351776683173
"G[C>T]G"	6.35645561845973e-21	0.0460765782962167	0.0173394891892325	0.00386321482161283	0.102458353647065
"G[C>T]T"	0.00374609089476834	0.00116046861697033	0.00392605802955726	0.0157260847230779	0.020579990370783
"T[C>T]A"	0.223073517519965	0.228126377991835	0.151804296310039	1.33847685770567e-20	1.25162176240782e-20
"T[C>T]C"	0.0501670028985109	0.230600458092351	0.0355671193292023	1.33847685770567e-20	0.0153768277045211
"T[C>T]G"	0.0737887012639803	0.036243625552204	0.0996306067612317	0.00134994897475423	0.0608129342136335
"T[C>T]T"	0.109066136533844	0.233068120355234	0.0624169596308277	0.00195949790130187	0.00270443391564176
"A[T>A]A"	6.35645561845973e-21	1.4635280473579e-20	0.00276746189189483	0.00651564494580145	0.0116985958014442
"A[T>A]C"	6.35645561845973e-21	1.4635280473579e-20	0.00511663212262208	0.0107167114101	1.25162176240782e-20
"A[T>A]G"	0.0011133944979995	0.00432235731729399	0.00157790769216507	0.00703086190978341	0.00430381854087716
"A[T>A]T"	0.000496650436906375	1.4635280473579e-20	0.00216161706634801	0.00365834038499328	0.011760044612412
"C[T>A]A"	6.35645561845973e-21	1.4635280473579e-20	1.61764170119425e-20	0.000329855551372967	0.00621893995344497
"C[T>A]C"	0.000598375974758012	1.4635280473579e-20	8.68650110209112e-08	0.0172905208931621	0.00467737244543957
"C[T>A]G"	0.000516835827276571	1.4635280473579e-20	0.00198660309998198	0.0185533054532222	0.00348689774321623
"C[T>A]T"	6.35645561845973e-21	1.4635280473579e-20	0.00218661789441391	0.023405467996531	1.25162176240782e-20
"G[T>A]A"	6.35645561845973e-21	1.4635280473579e-20	0.00475494421122501	0.00360856460963856	1.25162176240782e-20
"G[T>A]C"	1.84674790686464e-10	0.00379850730145915	0.00661715600067302	0.00649967774936124	0.0020476253705297
"G[T>A]G"	6.35645561845973e-21	1.4635280473579e-20	1.61764170119425e-20	0.00757506907245229	0.0096801144677605
"G[T>A]T"	6.35645561845973e-21	1.4635280473579e-20	0.00133506002497122	0.00337427344820875	1.25162176240782e-20
"T[T>A]A"	6.35645561845973e-21	1.4635280473579e-20	0.00850874877309806	0.00193150194150643	0.00512446181403482
"T[T>A]C"	6.35645561845973e-21	1.4635280473579e-20	0.00119253890925666	0.00617609644562894	0.00853338458250941
"T[T>A]G"	0.000812696916391676	1.4635280473579e-20	1.61764170119425e-20	0.00148339649566572	1.25162176240782e-20
"T[T>A]T"	6.35645561845973e-21	1.4635280473579e-20	1.61764170119425e-20	0.00817684202166602	0.00407072256940613
"A[T>C]A"	6.35645561845973e-21	1.4635280473579e-20	0.00386092584914163	0.0053789916866505	0.0268129670627058
"A[T>C]C"	0.000552896211293744	1.4635280473579e-20	6.86511262125109e-14	0.00906461206159672	0.0123710343602022
"A[T>C]G"	6.35645561845973e-21	1.4635280473579e-20	1.61764170119425e-20	1.23218760401029e-09	0.0411630929974676
"A[T>C]T"	6.35645561845973e-21	1.4635280473579e-20	0.00258593146165213	0.0141001824050732	0.0198826026003258
"C[T>C]A"	6.35645561845973e-21	1.4635280473579e-20	0.00381103524980511	0.00411503956921002	0.0035662242893743
"C[T>C]C"	6.35645561845973e-21	0.00526478353441552	1.61764170119425e-20	0.00859462011917117	0.00608595651658733
"C[T>C]G"	0.00114424359258473	1.4635280473579e-20	0.00326287692973437	0.00758347596744235	0.00544077341700949
"C[T>C]T"	6.35645561845973e-21	0.00460082681124519	0.00498013903978039	0.00357727878982097	0.00283320612139128
"G[T>C]A"	0.000706205325208827	1.4635280473579e-20	1.61764170119425e-20	0.0080962342720405	0.00624248158629075
"G[T>C]C"	6.35645561845973e-21	1.4635280473579e-20	0.0075585004019996	0.00433381061856247	1.25162176240782e-20
"G[T>C]G"	6.35645561845973e-21	1.4635280473579e-20	0.00213428675781672	0.00882537116385937	0.00145647911801817
"G[T>C]T"	6.35645561845973e-21	0.00866194056281999	1.61764170119425e-20	0.00746597478762973	0.00469289010128404
"T[T>C]A"	2.04776633070746e-05	1.4635280473579e-20	0.00207651448383181	1.33847685770567e-20	0.00630860423793467
"T[T>C]C"	0.000515067488304063	1.4635280473579e-20	0.00138094898357692	0.00340672875615603	0.00771820000815306
"T[T>C]G"	6.35645561845973e-21	1.4635280473579e-20	1.61764170119425e-20	0.00443775615573564	4.62302924640622e-11
"T[T>C]T"	0.000595513626941193	1.4635280473579e-20	1.61764170119425e-20	0.00185188335769449	0.0119943053994303
"A[T>G]A"	6.35645561845973e-21	1.4635280473579e-20	0.00185700266562104	1.33847685770567e-20	1.25162176240782e-20
"A[T>G]C"	6.35645561845973e-21	1.4635280473579e-20	0.00101372748864909	0.00751600813337067	0.00390745438335831
"A[T>G]G"	6.35645561845973e-21	1.4635280473579e-20	1.61764170119425e-20	0.00887551239453872	1.25162176240782e-20
"A[T>G]T"	6.35645561845973e-21	1.4635280473579e-20	1.61764170119425e-20	0.00125463450409788	0.00518958831871856
"C[T>G]A"	6.35645561845973e-21	1.4635280473579e-20	0.00371400533124209	1.33847685770567e-20	1.25162176240782e-20
"C[T>G]C"	6.35645561845973e-21	1.4635280473579e-20	1.61764170119425e-20	0.0034171541559919	0.00442905781067239
"C[T>G]G"	6.35645561845973e-21	1.4635280473579e-20	1.61764170119425e-20	0.00739626032878226	1.25162176240782e-20
"C[T>G]T"	6.35645561845973e-21	1.4635280473579e-20	1.61764170119425e-20	0.0105920717593126	0.00467542965511949
"G[T>G]A"	6.35645561845973e-21	1.4635280473579e-20	1.61764170119425e-20	0.00443775619726936	1.25162176240782e-20
"G[T>G]C"	6.35645561845973e-21	1.4635280473579e-20	1.61764170119425e-20	0.00443775619726936	1.25162176240782e-20
"G[T>G]G"	6.35645561845973e-21	1.4635280473579e-20	1.61764170119425e-20	0.00591700826302581	1.25162176240782e-20
"G[T>G]T"	6.35645561845973e-21	1.4635280473579e-20	0.00212742722237105	1.33847685770567e-20	0.00305327381617407
"T[T>G]A"	6.35645561845973e-21	1.4635280473579e-20	1.61764170119425e-20	0.0013609877846749	0.0017781612116869
"T[T>G]C"	6.35645561845973e-21	1.4635280473579e-20	0.00185700266562117	1.33847685770567e-20	0.0049395713242786
"T[T>G]G"	6.35645561845973e-21	0.0048971378590193	1.61764170119425e-20	0.00287964946598783	0.00450126446151785
"T[T>G]T"	0.00104838073388917	1.4635280473579e-20	0.00252811886373385	0.007488288228205	1.92391869942167e-13
